{"base": {"gamma": 0.23208030173540176, "epsilon": 0.00011437481734488664, "alpha": 0.0004228517846555483, "replace_target": 2676.341902399038, "episode_mem_size": 748.2920440979423, "n_episodes": 460.12051959831143, "friction": 0.28139954357910385, "vel_1": 0.8727803635215239, "vel_2": 1.517413979384536}}