{"base": {"gamma": 0.6303749832129558, "epsilon": 0.5741176054920131, "alpha": 0.0004966574276875349, "replace_target": 1921.0098594504325, "episode_mem_size": 148.02629060537234, "n_episodes": 2829.057604081632, "friction": 0.1880371449434861, "vel_1": 0.9070279939097841, "vel_2": 1.755520126182196, "min_decrement": 0.3, "rec_reward": 0.1}}