{"base": {"gamma": 0.6303749832129558, "epsilon": 0.5741176054920131, "alpha": 0.0004966574276875349, "replace_target": 1921.0098594504325, "episode_mem_size": 148.02629060537234, "n_episodes": 2829.057604081632, "friction": 0.1880371449434861, "vel_1": 0.9070279939097841, "vel_2": 1.755520126182196, "min_decrement": 0.3, "rec_reward": 0.1}, "speed": {"gamma": 0.23208030173540176, "epsilon": 0.00011437481734488664, "alpha": 0.0004228517846555483, "replace_target": 2676.341902399038, "episode_mem_size": 748.2920440979423, "n_episodes": 460.12051959831143, "friction": 0.28139954357910385, "vel_1": 0.8727803635215239, "vel_2": 1.517413979384536, "min_decrement": 0.3, "rec_reward": 0.1}, "mnist": {"gamma": 1.0, "epsilon": 0.0, "alpha": 0.00015100321466118372, "replace_target": 4793.425471955528, "episode_mem_size": 100.0, "n_episodes": 2042.925272165826, "friction": 0.365232373166374, "vel_1": 0.7, "vel_2": 1.9014963813021324, "min_decrement": 0.1, "rec_reward": 0.25}, "mnist-speed": {"gamma": 0.729782524018838, "epsilon": 0.14672857490581015, "alpha": 6.282891966590958e-05, "replace_target": 4727.613425742124, "episode_mem_size": 616.7058449428117, "n_episodes": 1714.8183524963165, "friction": 0.4535833221419705, "vel_1": 0.7249767294730436, "vel_2": 1.6287171247324093, "min_decrement": 0.14093377153113035, "rec_reward": 0.18888003154554905}}
