{"base": {"gamma": 0.703420759160562, "epsilon": 0.027387593197926163, "alpha": 0.00021240772723420226, "replace_target": 6028.208456011765, "episode_mem_size": 890.3056927518509, "n_episodes": 1727.488729231795}, "speed": {"gamma": 0.5031041735583147, "epsilon": 0.10322600657764203, "alpha": 0.0002876395521437612, "replace_target": 3642.5273353631155, "episode_mem_size": 810.3513956063397, "n_episodes": 3643.5224620630725}, "mnist": {"gamma": 0.3839640679054567, "epsilon": 0.6918771139504734, "alpha": 0.0009583106348489969, "replace_target": 7751.298834504707, "episode_mem_size": 579.8487564757154, "n_episodes": 3355.0401203997544, "min_decrement": 0.37460037107263344, "rec_reward": 0.05365765546883836}, "mnist_speed": {"gamma": 0.3720993153686558, "epsilon": 0.00011437481734488664, "alpha": 0.0004228517846555483, "replace_target": 4110.04654338743, "episode_mem_size": 748.2920440979423, "n_episodes": 460.12051959831143, "min_decrement": 0.15870235632684523, "rec_reward": 0.08725204227553418}}