{"base": {"gamma": 0.703420759160562, "epsilon": 0.027387593197926163, "alpha": 0.00021240772723420226, "replace_target": 6028.208456011765, "episode_mem_size": 890.3056927518509, "n_episodes": 1727.488729231795}}