{"base": {"gamma": 0.3720993153686558, "epsilon": 0.00011437481734488664, "alpha": 0.0004228517846555483, "replace_target": 1831.0473529191802, "episode_mem_size": 748.2920440979423, "n_episodes": 672.3479741867409}}