{"base": {"alpha": 0.0005276694484115518, "episode_mem_size": 915.3935645658161, "epsilon": 0.2179616746076979, "gamma": 0.13861222854178426, "n_episodes": 1249.2774664555475, "replace_target": 2066.302149149237}}