{"target": 0.16, "params": {"alpha": 0.0003545815846602133, "decrementor": 1571.477917729055, "episode_mem_size": 215.2681236563974, "epsilon": 0.28057417066612655, "gamma": 0.35008271368282756, "n_ep": 582.1614743305553, "rec_reward": 0.5541567049120706, "replace_target": 4685.666341168399}}